<PAMDataset>
  <Metadata>
    <MDI key="DataType">Generic</MDI>
  </Metadata>
  <PAMRasterBand band="1">
    <Histograms>
      <HistItem>
        <HistMin>-2000</HistMin>
        <HistMax>7184</HistMax>
        <BucketCount>256</BucketCount>
        <IncludeOutOfRange>1</IncludeOutOfRange>
        <Approximate>0</Approximate>
        <HistCounts>44|0|1|2|2|2|3|3|1|1|2|1|0|2|1|1|2|1|3|3|3|1|2|0|5|3|4|2|3|9|2|4|2|4|8|5|5|4|7|9|7|8|10|5|14|17|28|23|35|34|62|74|92|146|250|473|1339|3998|8312|15181|25385|35927|43836|47880|47767|42616|35329|27582|22852|23938|28136|15884|14075|7884|5167|3902|3158|2554|2000|1686|1429|1432|1317|1053|915|740|720|689|575|511|484|535|389|350|336|303|273|237|235|200|157|143|108|103|120|94|104|102|84|77|81|84|93|94|74|59|70|67|58|59|46|51|60|57|56|53|53|53|54|42|49|47|38|46|40|52|47|39|46|42|49|44|52|32|57|47|46|43|30|48|34|36|39|37|29|32|28|33|32|25|26|34|21|34|29|18|22|21|30|26|23|23|26|28|29|24|20|19|19|29|26|13|21|24|15|21|20|20|18|14|17|8|16|14|11|11|10|8|13|13|17|6|14|11|6|6|6|20|6|9|13|10|5|5|9|8|9|5|5|5|11|8|8|10|7|10|5|3|4|2|4|4|2|7|3|4|8|5|2|5|3|0|1|3|5|0|0|1|0|1|1|0|1|0|0|1</HistCounts>
      </HistItem>
    </Histograms>
    <Metadata>
      <MDI key="RepresentationType">ATHEMATIC</MDI>
      <MDI key="STATISTICS_COVARIANCES">118778.0585126928</MDI>
      <MDI key="STATISTICS_EXCLUDEDVALUES"></MDI>
      <MDI key="STATISTICS_MAXIMUM">7184</MDI>
      <MDI key="STATISTICS_MEAN">411.00945925616</MDI>
      <MDI key="STATISTICS_MINIMUM">-2000</MDI>
      <MDI key="STATISTICS_SKIPFACTORX">1</MDI>
      <MDI key="STATISTICS_SKIPFACTORY">1</MDI>
      <MDI key="STATISTICS_STDDEV">344.64192796683</MDI>
    </Metadata>
  </PAMRasterBand>
</PAMDataset>
