<PAMDataset>
  <Metadata>
    <MDI key="DataType">Generic</MDI>
  </Metadata>
  <PAMRasterBand band="1">
    <Histograms>
      <HistItem>
        <HistMin>-1394</HistMin>
        <HistMax>12132</HistMax>
        <BucketCount>256</BucketCount>
        <IncludeOutOfRange>1</IncludeOutOfRange>
        <Approximate>0</Approximate>
        <HistCounts>1|0|0|0|0|0|0|1|0|0|0|0|0|1|0|0|0|1|1|0|1|3|3|2|4|4|9|124|2677|7297|7075|9296|11031|14918|21042|27428|36433|44804|44964|38717|32394|27886|23506|22885|28976|13039|11300|14196|6955|5049|4080|3349|2718|2363|1950|1670|1467|1349|1168|965|898|746|625|634|567|567|500|492|455|466|417|333|333|303|304|305|225|232|210|230|236|197|181|146|149|135|103|94|74|80|70|65|76|76|69|54|56|58|43|44|41|45|36|34|41|30|41|40|36|31|35|38|33|34|31|25|39|25|33|35|22|31|22|15|21|20|18|32|14|20|17|19|10|24|20|12|11|11|17|10|13|12|8|9|8|9|9|7|11|6|9|10|13|8|8|8|9|5|4|3|8|1|6|10|4|2|4|5|1|3|0|2|3|0|0|0|0|0|1|0|0|0|0|0|0|0|0|0|0|0|0|0|0|0|0|0|0|0|0|0|0|0|0|0|0|0|0|0|0|0|0|0|0|0|0|0|0|0|0|0|0|0|0|0|0|0|0|0|0|0|0|0|0|0|0|0|0|0|0|0|0|0|0|0|0|0|0|0|0|0|0|0|0|0|0|1</HistCounts>
      </HistItem>
    </Histograms>
    <Metadata>
      <MDI key="RepresentationType">ATHEMATIC</MDI>
      <MDI key="STATISTICS_COVARIANCES">196931.7295197011</MDI>
      <MDI key="STATISTICS_EXCLUDEDVALUES"></MDI>
      <MDI key="STATISTICS_MAXIMUM">12132</MDI>
      <MDI key="STATISTICS_MEAN">773.35630689205</MDI>
      <MDI key="STATISTICS_MINIMUM">-1394</MDI>
      <MDI key="STATISTICS_SKIPFACTORX">1</MDI>
      <MDI key="STATISTICS_SKIPFACTORY">1</MDI>
      <MDI key="STATISTICS_STDDEV">443.76990605459</MDI>
    </Metadata>
  </PAMRasterBand>
</PAMDataset>
