<PAMDataset>
  <Metadata>
    <MDI key="DataType">Generic</MDI>
  </Metadata>
  <PAMRasterBand band="1">
    <Histograms>
      <HistItem>
        <HistMin>-817</HistMin>
        <HistMax>16000</HistMax>
        <BucketCount>256</BucketCount>
        <IncludeOutOfRange>1</IncludeOutOfRange>
        <Approximate>0</Approximate>
        <HistCounts>1|0|0|0|0|0|1|0|1|0|1|4|51|3687|8747|9368|11666|14764|20098|28922|35779|39436|39551|37516|37202|46534|24891|19983|16671|13924|11544|9453|7642|6151|5136|4197|3610|3132|2613|2214|2025|1629|1505|1357|1176|1019|933|760|643|541|521|556|523|471|470|417|437|387|414|345|329|297|245|254|261|225|227|193|227|211|221|179|153|116|107|87|75|65|61|44|53|48|34|41|46|42|34|39|29|44|32|33|35|28|22|27|20|24|19|20|31|24|21|13|18|12|17|15|16|11|14|9|10|8|14|8|9|8|13|9|11|14|6|8|4|4|5|6|9|2|5|3|7|0|1|3|1|0|1|0|0|0|0|0|0|1|0|0|0|0|0|0|0|0|0|0|0|0|0|0|0|0|0|0|0|0|0|0|0|1|0|0|0|0|0|0|0|0|0|0|0|0|0|0|0|0|0|0|0|0|0|0|0|0|0|0|0|0|0|0|0|0|0|0|0|0|0|0|0|0|0|0|0|0|0|0|0|0|0|0|0|0|0|0|0|0|0|0|0|0|0|0|0|0|0|0|0|0|0|0|0|0|0|0|0|0|0|0|0|0|0|0|0|0|0|1</HistCounts>
      </HistItem>
    </Histograms>
    <Metadata>
      <MDI key="RepresentationType">ATHEMATIC</MDI>
      <MDI key="STATISTICS_COVARIANCES">293885.1499676864</MDI>
      <MDI key="STATISTICS_EXCLUDEDVALUES"></MDI>
      <MDI key="STATISTICS_MAXIMUM">16000</MDI>
      <MDI key="STATISTICS_MEAN">843.85485915189</MDI>
      <MDI key="STATISTICS_MINIMUM">-817</MDI>
      <MDI key="STATISTICS_SKIPFACTORX">1</MDI>
      <MDI key="STATISTICS_SKIPFACTORY">1</MDI>
      <MDI key="STATISTICS_STDDEV">542.11175044237</MDI>
    </Metadata>
  </PAMRasterBand>
</PAMDataset>
