<PAMDataset>
  <Metadata>
    <MDI key="DataType">Generic</MDI>
  </Metadata>
  <PAMRasterBand band="1">
    <Histograms>
      <HistItem>
        <HistMin>-74</HistMin>
        <HistMax>16000</HistMax>
        <BucketCount>256</BucketCount>
        <IncludeOutOfRange>1</IncludeOutOfRange>
        <Approximate>0</Approximate>
        <HistCounts>1|1770|28476|7928|5065|4158|4113|4685|4774|5279|6156|7550|8274|9753|11626|13704|15867|17313|19378|21025|22112|22557|22475|21654|21057|20257|18269|16781|14623|12896|11725|9629|8218|7265|6172|5410|4775|4276|3952|3327|2972|2812|2374|2249|2065|1832|1597|1536|1325|1137|1017|941|799|737|700|536|551|466|429|378|346|300|262|271|279|259|236|212|217|195|162|200|155|144|132|135|131|127|105|89|76|64|49|57|46|16|14|32|20|21|12|7|11|3|7|7|3|5|5|3|2|3|4|4|0|1|1|3|3|1|2|1|3|2|0|1|1|0|1|0|1|1|0|1|0|0|0|0|0|0|0|0|0|0|0|0|0|0|0|1|0|0|0|0|0|0|0|0|0|0|0|0|0|0|0|0|0|0|0|0|0|0|0|0|0|0|0|0|0|0|0|0|0|0|0|0|0|0|0|0|0|0|1|0|0|0|0|0|0|0|0|0|0|0|0|0|0|0|0|0|0|0|0|0|0|0|0|0|0|1|0|0|0|0|0|0|0|0|0|0|0|0|0|0|0|0|0|0|0|0|0|1|0|0|0|0|0|0|0|0|0|0|0|0|0|0|0|0|0|0|0|0|0|0|0|6</HistCounts>
      </HistItem>
    </Histograms>
    <Metadata>
      <MDI key="RepresentationType">ATHEMATIC</MDI>
      <MDI key="STATISTICS_COVARIANCES">543798.6485828598</MDI>
      <MDI key="STATISTICS_EXCLUDEDVALUES"></MDI>
      <MDI key="STATISTICS_MAXIMUM">16000</MDI>
      <MDI key="STATISTICS_MEAN">1337.3626151237</MDI>
      <MDI key="STATISTICS_MINIMUM">-74</MDI>
      <MDI key="STATISTICS_SKIPFACTORX">1</MDI>
      <MDI key="STATISTICS_SKIPFACTORY">1</MDI>
      <MDI key="STATISTICS_STDDEV">737.42704627838</MDI>
    </Metadata>
  </PAMRasterBand>
</PAMDataset>
