<PAMDataset>
  <Metadata>
    <MDI key="DataType">Generic</MDI>
  </Metadata>
  <PAMRasterBand band="1">
    <Histograms>
      <HistItem>
        <HistMin>-2000</HistMin>
        <HistMax>7585</HistMax>
        <BucketCount>256</BucketCount>
        <IncludeOutOfRange>1</IncludeOutOfRange>
        <Approximate>0</Approximate>
        <HistCounts>19|1|0|0|0|2|1|2|0|1|3|3|0|0|3|2|4|1|2|4|1|2|1|0|2|3|3|2|2|2|0|1|2|4|4|1|3|2|2|5|3|5|5|9|7|12|11|11|17|18|20|31|77|92|286|1456|5350|11116|16665|22074|29300|37746|42391|43236|43740|37428|32046|24885|22196|29555|15974|12715|12661|6959|5074|3835|3230|2503|2092|1851|1665|1445|1363|1144|927|786|732|634|602|572|515|487|428|428|348|328|288|280|268|230|223|195|179|158|117|137|94|113|93|97|82|96|85|94|77|95|87|72|56|71|67|60|65|51|73|57|39|52|57|41|42|51|25|50|54|52|43|43|46|40|44|49|38|45|43|41|48|36|39|42|31|28|34|34|27|17|29|30|32|34|21|23|28|24|20|25|30|30|28|21|19|17|23|24|21|25|22|29|20|25|21|22|21|15|10|17|15|13|16|22|12|8|17|11|14|10|15|9|14|9|11|13|8|8|8|9|7|12|12|5|9|6|6|7|8|9|6|6|11|6|4|5|11|8|5|6|4|7|3|4|3|4|4|4|6|5|5|4|1|4|1|1|2|4|3|0|1|1|0|1|0|2|0|0|0|1</HistCounts>
      </HistItem>
    </Histograms>
    <Metadata>
      <MDI key="RepresentationType">ATHEMATIC</MDI>
      <MDI key="STATISTICS_COVARIANCES">133005.0922411665</MDI>
      <MDI key="STATISTICS_EXCLUDEDVALUES"></MDI>
      <MDI key="STATISTICS_MAXIMUM">7585</MDI>
      <MDI key="STATISTICS_MEAN">495.7808234705</MDI>
      <MDI key="STATISTICS_MINIMUM">-2000</MDI>
      <MDI key="STATISTICS_SKIPFACTORX">1</MDI>
      <MDI key="STATISTICS_SKIPFACTORY">1</MDI>
      <MDI key="STATISTICS_STDDEV">364.6986320802</MDI>
    </Metadata>
  </PAMRasterBand>
</PAMDataset>
